selected_value,w_efficiency,w_fairness,w_exploration,reversibility_loss_total,energy
efficiency,0.985,1.0,1.0,0.1,99.0
fairness,0.985,0.995,1.0,0.1,98.0
efficiency,0.97,0.995,1.0,0.1,97.0
fairness,0.97,1.0,1.0,0.1,96.0
exploration,0.97,1.0,0.995,0.1,95.0
fairness,0.97,0.995,0.995,0.1,94.0
fairness,0.97,0.99,0.995,0.1,93.0
efficiency,0.955,0.99,0.995,0.1,92.0
exploration,0.955,0.99,1.045,0.1,100.0
efficiency,0.9299999999999999,0.99,1.045,0.1,99.0
efficiency,0.9349999999999999,0.99,1.045,0.1,98.0
exploration,0.9349999999999999,0.99,1.03,0.1,97.0
efficiency,0.94,0.99,1.03,0.1,96.0
efficiency,0.9349999999999999,0.99,1.03,0.1,95.0
fairness,0.9349999999999999,0.975,1.03,0.1,94.0
efficiency,0.9299999999999999,0.975,1.03,0.1,93.0
fairness,0.9299999999999999,0.98,1.03,0.1,92.0
exploration,0.9299999999999999,0.98,1.0250000000000001,0.1,91.0
exploration,0.9299999999999999,0.98,1.08,0.1,100.0
fairness,0.9299999999999999,0.965,1.08,0.1,99.0
exploration,0.9299999999999999,0.965,1.0650000000000002,0.1,99.0
efficiency,0.9249999999999999,0.965,1.0650000000000002,0.1,98.0
fairness,0.9249999999999999,0.96,1.0650000000000002,0.1,97.0
exploration,0.9249999999999999,0.96,1.0500000000000003,0.1,96.0
efficiency,0.9299999999999999,0.96,1.0500000000000003,0.1,95.0
efficiency,0.9149999999999999,0.96,1.0500000000000003,0.1,94.0
fairness,0.9149999999999999,0.965,1.0500000000000003,0.1,93.0
fairness,0.9149999999999999,0.95,1.0500000000000003,0.1,92.0
exploration,0.9149999999999999,0.95,1.0450000000000004,0.1,91.0
fairness,0.9149999999999999,0.945,1.0450000000000004,0.1,90.0
exploration,0.9149999999999999,0.945,1.0500000000000003,0.1,89.0
efficiency,0.8899999999999999,0.945,1.0500000000000003,0.1,88.0
fairness,0.8899999999999999,0.96,1.0500000000000003,0.1,87.0
fairness,0.8899999999999999,0.945,1.0500000000000003,0.1,86.0
efficiency,0.8649999999999999,0.945,1.0500000000000003,0.1,85.0
efficiency,0.8699999999999999,0.945,1.0500000000000003,0.1,84.0
efficiency,0.8749999999999999,0.945,1.0500000000000003,0.1,83.0
exploration,0.8749999999999999,0.945,1.0450000000000004,0.1,82.0
efficiency,0.8499999999999999,0.945,1.0450000000000004,0.1,81.0
efficiency,0.8549999999999999,0.945,1.0450000000000004,0.1,80.0
efficiency,0.8399999999999999,0.945,1.0450000000000004,0.1,99.0
fairness,0.8399999999999999,0.94,1.0450000000000004,0.1,98.0
fairness,0.8399999999999999,0.9349999999999999,1.0450000000000004,0.1,97.0
efficiency,0.8249999999999998,0.9349999999999999,1.0450000000000004,0.1,96.0
efficiency,0.8199999999999998,0.9349999999999999,1.0450000000000004,0.1,95.0
exploration,0.8199999999999998,0.9349999999999999,1.0500000000000003,0.1,94.0
exploration,0.8199999999999998,0.9349999999999999,1.0350000000000004,0.1,93.0
fairness,0.8199999999999998,0.9299999999999999,1.0350000000000004,0.1,92.0
exploration,0.8199999999999998,0.9299999999999999,1.0300000000000005,0.1,91.0
fairness,0.8199999999999998,0.9349999999999999,1.0300000000000005,0.1,90.0
efficiency,0.7949999999999998,0.9349999999999999,1.0300000000000005,0.1,89.0
fairness,0.7949999999999998,0.95,1.0300000000000005,0.1,88.0
efficiency,0.7799999999999998,0.95,1.0300000000000005,0.1,87.0
exploration,0.7799999999999998,0.95,1.0250000000000006,0.1,86.0
exploration,0.7799999999999998,0.95,1.0200000000000007,0.1,85.0
fairness,0.7799999999999998,0.945,1.0200000000000007,0.1,84.0
exploration,0.7799999999999998,0.945,1.0250000000000006,0.1,83.0
exploration,0.7799999999999998,0.945,1.0200000000000007,0.1,82.0
fairness,0.7799999999999998,0.94,1.0200000000000007,0.1,81.0
exploration,0.7799999999999998,0.94,1.0950000000000006,0.1,100.0
fairness,0.7799999999999998,0.9249999999999999,1.0950000000000006,0.1,99.0
exploration,0.7799999999999998,0.9249999999999999,1.0900000000000007,0.1,98.0
exploration,0.7799999999999998,0.9249999999999999,1.0850000000000009,0.1,97.0
efficiency,0.7649999999999998,0.9249999999999999,1.0850000000000009,0.1,96.0
exploration,0.7649999999999998,0.9249999999999999,1.080000000000001,0.1,95.0
exploration,0.7649999999999998,0.9249999999999999,1.0850000000000009,0.1,94.0
fairness,0.7649999999999998,0.9199999999999999,1.0850000000000009,0.1,93.0
exploration,0.7649999999999998,0.9199999999999999,1.080000000000001,0.1,92.0
exploration,0.7649999999999998,0.9199999999999999,1.075000000000001,0.1,91.0
efficiency,0.7499999999999998,0.9199999999999999,1.075000000000001,0.1,90.0
exploration,0.7499999999999998,0.9199999999999999,1.0700000000000012,0.1,89.0
exploration,0.7499999999999998,0.9199999999999999,1.0650000000000013,0.1,88.0
exploration,0.7499999999999998,0.9199999999999999,1.0400000000000014,0.1,87.0
exploration,0.7499999999999998,0.9199999999999999,1.0550000000000013,0.1,86.0
fairness,0.7499999999999998,0.9149999999999999,1.0550000000000013,0.1,85.0
efficiency,0.7449999999999998,0.9149999999999999,1.0550000000000013,0.1,84.0
efficiency,0.7199999999999998,0.9149999999999999,1.0550000000000013,0.1,83.0
exploration,0.7199999999999998,0.9149999999999999,1.0700000000000012,0.1,82.0
exploration,0.7199999999999998,0.9149999999999999,1.0650000000000013,0.1,81.0
fairness,0.7199999999999998,0.9199999999999999,1.0650000000000013,0.1,80.0
fairness,0.7199999999999998,0.9049999999999999,1.0650000000000013,0.1,99.0
exploration,0.7199999999999998,0.9049999999999999,1.0600000000000014,0.1,98.0
exploration,0.7199999999999998,0.9049999999999999,1.0450000000000015,0.1,97.0
exploration,0.7199999999999998,0.9049999999999999,1.0400000000000016,0.1,96.0
exploration,0.7199999999999998,0.9049999999999999,1.0350000000000017,0.1,95.0
efficiency,0.7149999999999997,0.9049999999999999,1.0350000000000017,0.1,94.0
exploration,0.7149999999999997,0.9049999999999999,1.0400000000000016,0.1,93.0
fairness,0.7149999999999997,0.8899999999999999,1.0400000000000016,0.1,92.0
fairness,0.7149999999999997,0.8949999999999999,1.0400000000000016,0.1,91.0
exploration,0.7149999999999997,0.8949999999999999,1.0350000000000017,0.1,90.0
efficiency,0.6999999999999997,0.8949999999999999,1.0350000000000017,0.1,89.0
efficiency,0.6849999999999997,0.8949999999999999,1.0350000000000017,0.1,88.0
fairness,0.6849999999999997,0.9099999999999999,1.0350000000000017,0.1,87.0
exploration,0.6849999999999997,0.9099999999999999,1.0300000000000018,0.1,86.0
exploration,0.6849999999999997,0.9099999999999999,1.015000000000002,0.1,85.0
exploration,0.6849999999999997,0.9099999999999999,1.010000000000002,0.1,84.0
fairness,0.6849999999999997,0.99,1.010000000000002,0.1,100.0
efficiency,0.6899999999999997,0.99,1.010000000000002,0.1,99.0
fairness,0.6899999999999997,0.985,1.010000000000002,0.1,98.0
exploration,0.6899999999999997,0.985,1.0050000000000021,0.1,97.0
exploration,0.6899999999999997,0.985,0.9900000000000021,0.1,99.0
fairness,0.6899999999999997,0.98,0.9900000000000021,0.1,98.0
fairness,0.6899999999999997,0.975,0.9900000000000021,0.1,97.0
exploration,0.6899999999999997,0.975,0.9750000000000021,0.1,96.0
efficiency,0.6849999999999997,0.975,0.9750000000000021,0.1,95.0
exploration,0.6849999999999997,0.975,0.9700000000000021,0.1,94.0
fairness,0.6849999999999997,0.98,0.9700000000000021,0.1,93.0
exploration,0.6849999999999997,0.98,0.9650000000000021,0.1,92.0
exploration,0.6849999999999997,0.98,0.9600000000000021,0.1,91.0
exploration,0.6849999999999997,0.98,1.0050000000000021,0.1,100.0
fairness,0.6849999999999997,0.965,1.0050000000000021,0.1,99.0
efficiency,0.6699999999999997,0.965,1.0050000000000021,0.1,98.0
exploration,0.6699999999999997,0.965,1.010000000000002,0.1,97.0
fairness,0.6699999999999997,0.97,1.010000000000002,0.1,96.0
exploration,0.6699999999999997,0.97,0.995000000000002,0.1,95.0
efficiency,0.6449999999999997,0.97,0.995000000000002,0.1,94.0
exploration,0.6449999999999997,0.97,1.010000000000002,0.1,93.0
fairness,0.6449999999999997,0.975,1.010000000000002,0.1,92.0
exploration,0.6449999999999997,0.975,1.0050000000000021,0.1,91.0
efficiency,0.6099999999999997,0.975,1.0050000000000021,0.1,90.0
exploration,0.6099999999999997,0.975,0.9900000000000021,0.1,99.0
fairness,0.6099999999999997,0.97,0.9900000000000021,0.1,98.0
fairness,0.6099999999999997,0.965,0.9900000000000021,0.1,97.0
exploration,0.6099999999999997,0.965,0.9850000000000021,0.1,96.0
fairness,0.6099999999999997,0.96,0.9850000000000021,0.1,95.0
fairness,0.6099999999999997,0.975,0.9850000000000021,0.1,100.0
exploration,0.6099999999999997,0.975,0.9800000000000021,0.1,99.0
fairness,0.6099999999999997,0.97,0.9800000000000021,0.1,98.0
fairness,0.6099999999999997,0.965,0.9800000000000021,0.1,97.0
fairness,0.6099999999999997,0.96,0.9800000000000021,0.1,96.0
exploration,0.6099999999999997,0.96,0.9650000000000021,0.1,95.0
fairness,0.6099999999999997,0.955,0.9650000000000021,0.1,94.0
efficiency,0.6149999999999997,0.955,0.9650000000000021,0.1,93.0
fairness,0.6149999999999997,0.95,0.9650000000000021,0.1,92.0
exploration,0.6149999999999997,0.95,0.9500000000000021,0.1,91.0
efficiency,0.6199999999999997,0.95,0.9500000000000021,0.1,90.0
fairness,0.6199999999999997,0.955,0.9500000000000021,0.1,89.0
fairness,0.6199999999999997,0.94,0.9500000000000021,0.1,88.0
exploration,0.6199999999999997,0.94,0.9450000000000021,0.1,87.0
exploration,0.6199999999999997,0.94,0.930000000000002,0.1,86.0
fairness,0.6199999999999997,0.9249999999999999,0.930000000000002,0.1,99.0
fairness,0.6199999999999997,0.9199999999999999,0.930000000000002,0.1,98.0
fairness,0.6199999999999997,0.9149999999999999,0.930000000000002,0.1,97.0
efficiency,0.6049999999999996,0.9149999999999999,0.930000000000002,0.1,96.0
fairness,0.6049999999999996,0.9199999999999999,0.930000000000002,0.1,95.0
efficiency,0.5899999999999996,0.9199999999999999,0.930000000000002,0.1,94.0
efficiency,0.5849999999999996,0.9199999999999999,0.930000000000002,0.1,93.0
fairness,0.5849999999999996,0.9249999999999999,0.930000000000002,0.1,92.0
efficiency,0.5599999999999996,0.9249999999999999,0.930000000000002,0.1,91.0
efficiency,0.5649999999999996,0.9249999999999999,0.930000000000002,0.1,90.0
fairness,0.5649999999999996,0.9199999999999999,0.930000000000002,0.1,89.0
efficiency,0.5499999999999996,0.9199999999999999,0.930000000000002,0.1,88.0
exploration,0.5499999999999996,0.9199999999999999,0.925000000000002,0.1,87.0
fairness,0.5499999999999996,0.9349999999999999,0.925000000000002,0.1,86.0
efficiency,0.5149999999999996,0.9349999999999999,0.925000000000002,0.1,85.0
fairness,0.5149999999999996,0.94,0.925000000000002,0.1,84.0
efficiency,0.49999999999999956,0.94,0.925000000000002,0.1,83.0
fairness,0.49999999999999956,0.945,0.925000000000002,0.1,82.0
fairness,0.49999999999999956,0.95,0.925000000000002,0.1,81.0
fairness,0.49999999999999956,0.945,0.925000000000002,0.1,80.0
fairness,0.49999999999999956,0.9299999999999999,0.925000000000002,0.1,99.0
efficiency,0.49499999999999955,0.9299999999999999,0.925000000000002,0.1,98.0
efficiency,0.48999999999999955,0.9299999999999999,0.925000000000002,0.1,97.0
exploration,0.48999999999999955,0.9299999999999999,0.920000000000002,0.1,96.0
fairness,0.48999999999999955,0.9249999999999999,0.920000000000002,0.1,95.0
fairness,0.48999999999999955,0.9199999999999999,0.920000000000002,0.1,94.0
exploration,0.48999999999999955,0.9199999999999999,0.915000000000002,0.1,93.0
efficiency,0.47499999999999953,0.9199999999999999,0.915000000000002,0.1,92.0
exploration,0.47499999999999953,0.9199999999999999,0.920000000000002,0.1,91.0
exploration,0.47499999999999953,0.9199999999999999,0.9650000000000021,0.1,100.0
fairness,0.47499999999999953,0.9199999999999999,0.9650000000000021,0.1,100.0
fairness,0.47499999999999953,0.9149999999999999,0.9650000000000021,0.1,99.0
exploration,0.47499999999999953,0.9149999999999999,0.9500000000000021,0.1,98.0
efficiency,0.46999999999999953,0.9149999999999999,0.9500000000000021,0.1,97.0
exploration,0.46999999999999953,0.9149999999999999,0.9450000000000021,0.1,96.0
fairness,0.46999999999999953,0.9099999999999999,0.9450000000000021,0.1,95.0
exploration,0.46999999999999953,0.9099999999999999,0.930000000000002,0.1,94.0
fairness,0.46999999999999953,0.9149999999999999,0.930000000000002,0.1,93.0
exploration,0.46999999999999953,0.9149999999999999,0.905000000000002,0.1,92.0
efficiency,0.47499999999999953,0.9149999999999999,0.905000000000002,0.1,91.0
exploration,0.47499999999999953,0.9149999999999999,0.890000000000002,0.1,99.0
fairness,0.47499999999999953,0.9099999999999999,0.890000000000002,0.1,98.0
exploration,0.47499999999999953,0.9099999999999999,0.885000000000002,0.1,97.0
efficiency,0.4599999999999995,0.9099999999999999,0.885000000000002,0.1,96.0
efficiency,0.4549999999999995,0.9099999999999999,0.885000000000002,0.1,95.0
fairness,0.4549999999999995,0.9149999999999999,0.885000000000002,0.1,94.0
fairness,0.4549999999999995,0.9099999999999999,0.885000000000002,0.1,93.0
exploration,0.4549999999999995,0.9099999999999999,0.880000000000002,0.1,92.0
exploration,0.4549999999999995,0.9099999999999999,0.855000000000002,0.1,91.0
exploration,0.4549999999999995,0.9099999999999999,0.850000000000002,0.1,90.0
exploration,0.4549999999999995,0.9099999999999999,0.845000000000002,0.1,89.0
fairness,0.4549999999999995,0.9249999999999999,0.845000000000002,0.1,88.0
fairness,0.4549999999999995,0.9099999999999999,0.845000000000002,0.1,87.0
fairness,0.4549999999999995,0.9049999999999999,0.845000000000002,0.1,86.0
fairness,0.4549999999999995,0.9099999999999999,0.845000000000002,0.1,85.0
exploration,0.4549999999999995,0.9099999999999999,0.840000000000002,0.1,84.0
fairness,0.4549999999999995,0.8949999999999999,0.840000000000002,0.1,83.0
efficiency,0.4499999999999995,0.8949999999999999,0.840000000000002,0.1,82.0
efficiency,0.4449999999999995,0.8949999999999999,0.840000000000002,0.1,81.0
fairness,0.4449999999999995,0.8999999999999999,0.840000000000002,0.1,80.0
exploration,0.4449999999999995,0.8999999999999999,0.825000000000002,0.1,99.0
fairness,0.4449999999999995,0.8949999999999999,0.825000000000002,0.1,98.0
efficiency,0.4299999999999995,0.8949999999999999,0.825000000000002,0.1,97.0
fairness,0.4299999999999995,0.8999999999999999,0.825000000000002,0.1,96.0
fairness,0.4299999999999995,0.8849999999999999,0.825000000000002,0.1,95.0
efficiency,0.4249999999999995,0.8849999999999999,0.825000000000002,0.1,94.0
fairness,0.4249999999999995,0.8799999999999999,0.825000000000002,0.1,93.0
fairness,0.4249999999999995,0.8849999999999999,0.825000000000002,0.1,92.0
fairness,0.4249999999999995,0.8799999999999999,0.825000000000002,0.1,91.0
exploration,0.4249999999999995,0.8799999999999999,0.820000000000002,0.1,90.0
fairness,0.4249999999999995,0.8649999999999999,0.820000000000002,0.1,89.0
efficiency,0.4199999999999995,0.8649999999999999,0.820000000000002,0.1,88.0
exploration,0.4199999999999995,0.8649999999999999,0.825000000000002,0.1,87.0
exploration,0.4199999999999995,0.8649999999999999,0.8100000000000019,0.1,86.0
exploration,0.4199999999999995,0.8649999999999999,0.815000000000002,0.1,85.0
efficiency,0.4149999999999995,0.8649999999999999,0.815000000000002,0.1,84.0
exploration,0.4149999999999995,0.8649999999999999,0.8000000000000019,0.1,83.0
exploration,0.4149999999999995,0.8649999999999999,0.8050000000000019,0.1,82.0
exploration,0.4149999999999995,0.8649999999999999,0.8000000000000019,0.1,81.0
exploration,0.4149999999999995,0.8649999999999999,0.7850000000000019,0.1,80.0
exploration,0.4149999999999995,0.8649999999999999,0.7700000000000019,0.1,99.0
exploration,0.4149999999999995,0.8649999999999999,0.7650000000000019,0.1,98.0
exploration,0.4149999999999995,0.8649999999999999,0.7600000000000019,0.1,97.0
exploration,0.4149999999999995,0.8649999999999999,0.7450000000000019,0.1,96.0
exploration,0.4149999999999995,0.8649999999999999,0.7400000000000019,0.1,95.0
fairness,0.4149999999999995,0.8699999999999999,0.7400000000000019,0.1,94.0
efficiency,0.38999999999999946,0.8699999999999999,0.7400000000000019,0.1,93.0
fairness,0.38999999999999946,0.8849999999999999,0.7400000000000019,0.1,92.0
efficiency,0.37499999999999944,0.8849999999999999,0.7400000000000019,0.1,91.0
fairness,0.37499999999999944,0.8899999999999999,0.7400000000000019,0.1,90.0
fairness,0.37499999999999944,0.8849999999999999,0.7400000000000019,0.1,89.0
exploration,0.37499999999999944,0.8849999999999999,0.7250000000000019,0.1,88.0
exploration,0.37499999999999944,0.8849999999999999,0.7300000000000019,0.1,87.0
fairness,0.37499999999999944,0.8799999999999999,0.7300000000000019,0.1,86.0
fairness,0.37499999999999944,0.8649999999999999,0.7300000000000019,0.1,85.0
fairness,0.37499999999999944,0.8599999999999999,0.7300000000000019,0.1,84.0
exploration,0.37499999999999944,0.8599999999999999,0.7250000000000019,0.1,83.0
fairness,0.37499999999999944,0.8549999999999999,0.7250000000000019,0.1,82.0
exploration,0.37499999999999944,0.8549999999999999,0.7200000000000019,0.1,81.0
fairness,0.37499999999999944,0.8499999999999999,0.7200000000000019,0.1,80.0
exploration,0.37499999999999944,0.8499999999999999,0.7050000000000018,0.1,99.0
efficiency,0.36999999999999944,0.8499999999999999,0.7050000000000018,0.1,98.0
exploration,0.36999999999999944,0.8499999999999999,0.7000000000000018,0.1,97.0
fairness,0.36999999999999944,0.8449999999999999,0.7000000000000018,0.1,96.0
exploration,0.36999999999999944,0.8449999999999999,0.6950000000000018,0.1,95.0
fairness,0.36999999999999944,0.8399999999999999,0.6950000000000018,0.1,94.0
exploration,0.36999999999999944,0.8399999999999999,0.6900000000000018,0.1,93.0
exploration,0.36999999999999944,0.8399999999999999,0.6750000000000018,0.1,92.0
exploration,0.36999999999999944,0.8399999999999999,0.6700000000000018,0.1,91.0
exploration,0.36999999999999944,0.8399999999999999,0.6650000000000018,0.1,90.0
exploration,0.36999999999999944,0.8399999999999999,0.6700000000000018,0.1,89.0
fairness,0.36999999999999944,0.8249999999999998,0.6700000000000018,0.1,88.0
fairness,0.36999999999999944,0.8199999999999998,0.6700000000000018,0.1,87.0
fairness,0.36999999999999944,0.8149999999999998,0.6700000000000018,0.1,86.0
fairness,0.36999999999999944,0.8099999999999998,0.6700000000000018,0.1,85.0
fairness,0.36999999999999944,0.8049999999999998,0.6700000000000018,0.1,84.0
efficiency,0.36499999999999944,0.8049999999999998,0.6700000000000018,0.1,83.0
efficiency,0.3499999999999994,0.8049999999999998,0.6700000000000018,0.1,82.0
exploration,0.3499999999999994,0.8049999999999998,0.6750000000000018,0.1,81.0
efficiency,0.3349999999999994,0.8049999999999998,0.6750000000000018,0.1,80.0
fairness,0.3349999999999994,0.7899999999999998,0.6750000000000018,0.1,99.0
exploration,0.3349999999999994,0.7899999999999998,0.6700000000000018,0.1,98.0
fairness,0.3349999999999994,0.7849999999999998,0.6700000000000018,0.1,97.0
fairness,0.3349999999999994,0.7799999999999998,0.6700000000000018,0.1,96.0
efficiency,0.3199999999999994,0.7799999999999998,0.6700000000000018,0.1,95.0
efficiency,0.3149999999999994,0.7799999999999998,0.6700000000000018,0.1,94.0
fairness,0.3149999999999994,0.7749999999999998,0.6700000000000018,0.1,93.0
fairness,0.3149999999999994,0.7799999999999998,0.6700000000000018,0.1,92.0
efficiency,0.28999999999999937,0.7799999999999998,0.6700000000000018,0.1,91.0
exploration,0.28999999999999937,0.7799999999999998,0.6850000000000018,0.1,90.0
exploration,0.28999999999999937,0.7799999999999998,0.6700000000000018,0.1,89.0
exploration,0.28999999999999937,0.7799999999999998,0.6650000000000018,0.1,88.0
efficiency,0.26499999999999935,0.7799999999999998,0.6650000000000018,0.1,87.0
fairness,0.26499999999999935,0.7749999999999998,0.6650000000000018,0.1,86.0
fairness,0.26499999999999935,0.7899999999999998,0.6650000000000018,0.1,85.0
exploration,0.26499999999999935,0.7899999999999998,0.6600000000000018,0.1,84.0
exploration,0.26499999999999935,0.7899999999999998,0.6650000000000018,0.1,83.0
efficiency,0.25,0.7899999999999998,0.6650000000000018,0.1,82.0
exploration,0.25,0.7899999999999998,0.6400000000000018,0.1,81.0
exploration,0.25,0.7899999999999998,0.6550000000000018,0.1,80.0
efficiency,0.25,0.7899999999999998,0.6550000000000018,0.1,99.0
exploration,0.25,0.7899999999999998,0.6500000000000018,0.1,98.0
fairness,0.25,0.7849999999999998,0.6500000000000018,0.1,97.0
exploration,0.25,0.7849999999999998,0.6450000000000018,0.1,96.0
efficiency,0.25,0.7849999999999998,0.6450000000000018,0.1,95.0
efficiency,0.25,0.7849999999999998,0.6450000000000018,0.1,94.0
exploration,0.25,0.7849999999999998,0.6500000000000018,0.1,93.0
exploration,0.25,0.7849999999999998,0.6350000000000018,0.1,92.0
exploration,0.25,0.7849999999999998,0.6200000000000018,0.1,91.0
exploration,0.25,0.7849999999999998,0.6150000000000018,0.1,90.0
exploration,0.25,0.7849999999999998,0.6100000000000018,0.1,89.0
exploration,0.25,0.7849999999999998,0.6250000000000018,0.1,88.0
exploration,0.25,0.7849999999999998,0.6100000000000018,0.1,87.0
exploration,0.25,0.7849999999999998,0.6150000000000018,0.1,86.0
exploration,0.25,0.7849999999999998,0.6850000000000017,0.1,100.0
fairness,0.25,0.7699999999999998,0.6850000000000017,0.1,99.0
fairness,0.25,0.7649999999999998,0.6850000000000017,0.1,98.0
fairness,0.25,0.7699999999999998,0.6850000000000017,0.1,97.0
fairness,0.25,0.7649999999999998,0.6850000000000017,0.1,96.0
exploration,0.25,0.7649999999999998,0.6700000000000017,0.1,95.0
efficiency,0.25,0.7649999999999998,0.6700000000000017,0.1,99.0
exploration,0.25,0.7649999999999998,0.6650000000000017,0.1,98.0
exploration,0.25,0.7649999999999998,0.6600000000000017,0.1,97.0
exploration,0.25,0.7649999999999998,0.6450000000000017,0.1,96.0
fairness,0.25,0.7699999999999998,0.6450000000000017,0.1,95.0
efficiency,0.25,0.7699999999999998,0.6450000000000017,0.1,94.0
fairness,0.25,0.7849999999999998,0.6450000000000017,0.1,93.0
fairness,0.25,0.7699999999999998,0.6450000000000017,0.1,92.0
exploration,0.25,0.7699999999999998,0.6500000000000017,0.1,91.0
exploration,0.25,0.7699999999999998,0.6350000000000017,0.1,90.0
fairness,0.25,0.7649999999999998,0.6350000000000017,0.1,89.0
efficiency,0.25,0.7649999999999998,0.6350000000000017,0.1,88.0
exploration,0.25,0.7649999999999998,0.6300000000000017,0.1,87.0
efficiency,0.25,0.7649999999999998,0.6300000000000017,0.1,86.0
fairness,0.25,0.7699999999999998,0.6300000000000017,0.1,85.0
exploration,0.25,0.7699999999999998,0.6250000000000017,0.1,84.0
efficiency,0.25,0.7699999999999998,0.6250000000000017,0.1,83.0
efficiency,0.25,0.7699999999999998,0.6250000000000017,0.1,82.0
fairness,0.25,0.7749999999999998,0.6250000000000017,0.1,81.0
exploration,0.25,0.7749999999999998,0.6200000000000017,0.1,80.0
fairness,0.25,0.7599999999999998,0.6200000000000017,0.1,99.0
exploration,0.25,0.7599999999999998,0.6150000000000017,0.1,98.0
exploration,0.25,0.7599999999999998,0.6000000000000016,0.1,97.0
exploration,0.25,0.7599999999999998,0.6050000000000016,0.1,96.0
fairness,0.25,0.7449999999999998,0.6050000000000016,0.1,95.0
efficiency,0.25,0.7449999999999998,0.6050000000000016,0.1,94.0
fairness,0.25,0.7399999999999998,0.6050000000000016,0.1,93.0
efficiency,0.25,0.7399999999999998,0.6050000000000016,0.1,92.0
fairness,0.25,0.7449999999999998,0.6050000000000016,0.1,91.0
fairness,0.25,0.7399999999999998,0.6050000000000016,0.1,90.0
efficiency,0.25,0.7399999999999998,0.6050000000000016,0.1,89.0
fairness,0.25,0.7449999999999998,0.6050000000000016,0.1,88.0
fairness,0.25,0.7299999999999998,0.6050000000000016,0.1,87.0
fairness,0.25,0.7249999999999998,0.6050000000000016,0.1,86.0
fairness,0.25,0.7199999999999998,0.6050000000000016,0.1,85.0
efficiency,0.25,0.7199999999999998,0.6050000000000016,0.1,84.0
fairness,0.25,0.7349999999999998,0.6050000000000016,0.1,83.0
fairness,0.25,0.7199999999999998,0.6050000000000016,0.1,82.0
fairness,0.25,0.7249999999999998,0.6050000000000016,0.1,81.0
fairness,0.25,0.7199999999999998,0.6050000000000016,0.1,80.0
efficiency,0.25,0.7199999999999998,0.6050000000000016,0.1,99.0
efficiency,0.25,0.7199999999999998,0.6050000000000016,0.1,98.0
exploration,0.25,0.7199999999999998,0.6000000000000016,0.1,97.0
exploration,0.25,0.7199999999999998,0.5950000000000016,0.1,96.0
exploration,0.25,0.7199999999999998,0.5900000000000016,0.1,95.0
exploration,0.25,0.7199999999999998,0.5850000000000016,0.1,94.0
fairness,0.25,0.7149999999999997,0.5850000000000016,0.1,93.0
efficiency,0.25,0.7149999999999997,0.5850000000000016,0.1,92.0
fairness,0.25,0.7649999999999998,0.5850000000000016,0.1,100.0
exploration,0.25,0.7649999999999998,0.5700000000000016,0.1,99.0
exploration,0.25,0.7649999999999998,0.5650000000000016,0.1,98.0
fairness,0.25,0.7599999999999998,0.5650000000000016,0.1,97.0
exploration,0.25,0.7599999999999998,0.5600000000000016,0.1,96.0
exploration,0.25,0.7599999999999998,0.5650000000000016,0.1,95.0
fairness,0.25,0.7549999999999998,0.5650000000000016,0.1,94.0
efficiency,0.25,0.7549999999999998,0.5650000000000016,0.1,93.0
efficiency,0.25,0.7549999999999998,0.5650000000000016,0.1,92.0
efficiency,0.25,0.7549999999999998,0.5650000000000016,0.1,91.0
efficiency,0.25,0.7549999999999998,0.5650000000000016,0.1,90.0
efficiency,0.255,0.7549999999999998,0.5650000000000016,0.1,89.0
exploration,0.255,0.7549999999999998,0.5500000000000016,0.1,99.0
exploration,0.255,0.7549999999999998,0.5450000000000016,0.1,98.0
exploration,0.255,0.7549999999999998,0.5400000000000016,0.1,97.0
exploration,0.255,0.7549999999999998,0.5250000000000016,0.1,96.0
exploration,0.255,0.7549999999999998,0.5300000000000016,0.1,95.0
efficiency,0.25,0.7549999999999998,0.5300000000000016,0.1,94.0
fairness,0.25,0.7699999999999998,0.5300000000000016,0.1,93.0
efficiency,0.25,0.7699999999999998,0.5300000000000016,0.1,92.0
exploration,0.25,0.7699999999999998,0.5550000000000016,0.1,91.0
efficiency,0.25,0.7699999999999998,0.5550000000000016,0.1,90.0
exploration,0.25,0.7699999999999998,0.5700000000000016,0.1,89.0
fairness,0.25,0.7649999999999998,0.5700000000000016,0.1,88.0
fairness,0.25,0.7699999999999998,0.5700000000000016,0.1,87.0
efficiency,0.25,0.7699999999999998,0.5700000000000016,0.1,86.0
exploration,0.25,0.7699999999999998,0.5650000000000016,0.1,85.0
fairness,0.25,0.7849999999999998,0.5650000000000016,0.1,84.0
exploration,0.25,0.7849999999999998,0.5500000000000016,0.1,83.0
exploration,0.25,0.7849999999999998,0.5550000000000016,0.1,82.0
exploration,0.25,0.7849999999999998,0.5500000000000016,0.1,81.0
exploration,0.25,0.7849999999999998,0.5350000000000016,0.1,80.0
fairness,0.25,0.7699999999999998,0.5350000000000016,0.1,99.0
fairness,0.25,0.7649999999999998,0.5350000000000016,0.1,98.0
fairness,0.25,0.7599999999999998,0.5350000000000016,0.1,97.0
exploration,0.25,0.7599999999999998,0.5200000000000016,0.1,96.0
exploration,0.25,0.7599999999999998,0.5250000000000016,0.1,95.0
exploration,0.25,0.7599999999999998,0.5000000000000016,0.1,94.0
efficiency,0.255,0.7599999999999998,0.5000000000000016,0.1,93.0
fairness,0.255,0.7549999999999998,0.5000000000000016,0.1,92.0
fairness,0.255,0.7499999999999998,0.5000000000000016,0.1,91.0
fairness,0.255,0.7549999999999998,0.5000000000000016,0.1,90.0
fairness,0.255,0.7499999999999998,0.5000000000000016,0.1,89.0
exploration,0.255,0.7499999999999998,0.49500000000000155,0.1,88.0
fairness,0.255,0.7249999999999998,0.49500000000000155,0.1,87.0
fairness,0.255,0.7399999999999998,0.49500000000000155,0.1,86.0
exploration,0.255,0.7399999999999998,0.48000000000000154,0.1,85.0
fairness,0.255,0.7449999999999998,0.48000000000000154,0.1,84.0
exploration,0.255,0.7449999999999998,0.4550000000000015,0.1,83.0
exploration,0.255,0.7449999999999998,0.4700000000000015,0.1,82.0
exploration,0.255,0.7449999999999998,0.4550000000000015,0.1,81.0
exploration,0.255,0.7449999999999998,0.4500000000000015,0.1,80.0
fairness,0.255,0.7299999999999998,0.4500000000000015,0.1,99.0
exploration,0.255,0.7299999999999998,0.4450000000000015,0.1,98.0
fairness,0.255,0.7249999999999998,0.4450000000000015,0.1,97.0
efficiency,0.25,0.7249999999999998,0.4450000000000015,0.1,96.0
fairness,0.25,0.7299999999999998,0.4450000000000015,0.1,95.0
fairness,0.25,0.7149999999999997,0.4450000000000015,0.1,94.0
fairness,0.25,0.7199999999999998,0.4450000000000015,0.1,93.0
fairness,0.25,0.7049999999999997,0.4450000000000015,0.1,92.0
fairness,0.25,0.6999999999999997,0.4450000000000015,0.1,91.0
fairness,0.25,0.6949999999999997,0.4450000000000015,0.1,90.0
exploration,0.25,0.6949999999999997,0.4400000000000015,0.1,89.0
efficiency,0.25,0.6949999999999997,0.4400000000000015,0.1,88.0
fairness,0.25,0.7099999999999997,0.4400000000000015,0.1,87.0
exploration,0.25,0.7099999999999997,0.40500000000000147,0.1,86.0
fairness,0.25,0.7149999999999997,0.40500000000000147,0.1,85.0
exploration,0.25,0.7149999999999997,0.40000000000000147,0.1,84.0
efficiency,0.25,0.7149999999999997,0.40000000000000147,0.1,83.0
efficiency,0.255,0.7149999999999997,0.40000000000000147,0.1,82.0
efficiency,0.25,0.7149999999999997,0.40000000000000147,0.1,81.0
fairness,0.25,0.7299999999999998,0.40000000000000147,0.1,80.0
efficiency,0.25,0.7299999999999998,0.40000000000000147,0.1,99.0
efficiency,0.25,0.7299999999999998,0.40000000000000147,0.1,98.0
efficiency,0.25,0.7299999999999998,0.40000000000000147,0.1,97.0
fairness,0.25,0.7249999999999998,0.40000000000000147,0.1,96.0
efficiency,0.25,0.7249999999999998,0.40000000000000147,0.1,95.0
fairness,0.25,0.7299999999999998,0.40000000000000147,0.1,94.0
fairness,0.25,0.7149999999999997,0.40000000000000147,0.1,93.0
fairness,0.25,0.7199999999999998,0.40000000000000147,0.1,92.0
efficiency,0.25,0.7199999999999998,0.40000000000000147,0.1,91.0
exploration,0.25,0.7199999999999998,0.4150000000000015,0.1,90.0
fairness,0.25,0.7149999999999997,0.4150000000000015,0.1,89.0
fairness,0.25,0.6999999999999997,0.4150000000000015,0.1,88.0
efficiency,0.25,0.6999999999999997,0.4150000000000015,0.1,87.0
fairness,0.25,0.7049999999999997,0.4150000000000015,0.1,86.0
efficiency,0.25,0.7049999999999997,0.4150000000000015,0.1,85.0
exploration,0.25,0.7049999999999997,0.40000000000000147,0.1,84.0
exploration,0.25,0.7049999999999997,0.39500000000000146,0.1,83.0
exploration,0.25,0.7049999999999997,0.40000000000000147,0.1,82.0
fairness,0.25,0.6899999999999997,0.40000000000000147,0.1,81.0
fairness,0.25,0.6849999999999997,0.40000000000000147,0.1,80.0
fairness,0.25,0.6699999999999997,0.40000000000000147,0.1,99.0
fairness,0.25,0.6649999999999997,0.40000000000000147,0.1,98.0
fairness,0.25,0.6599999999999997,0.40000000000000147,0.1,97.0
exploration,0.25,0.6599999999999997,0.38500000000000145,0.1,96.0
efficiency,0.25,0.6599999999999997,0.38500000000000145,0.1,95.0
efficiency,0.255,0.6599999999999997,0.38500000000000145,0.1,94.0
exploration,0.255,0.6599999999999997,0.38000000000000145,0.1,93.0
fairness,0.255,0.6449999999999997,0.38000000000000145,0.1,92.0
fairness,0.255,0.6399999999999997,0.38000000000000145,0.1,91.0
efficiency,0.25,0.6399999999999997,0.38000000000000145,0.1,90.0
fairness,0.25,0.6549999999999997,0.38000000000000145,0.1,89.0
fairness,0.25,0.6399999999999997,0.38000000000000145,0.1,88.0
efficiency,0.25,0.6399999999999997,0.38000000000000145,0.1,87.0
efficiency,0.25,0.6399999999999997,0.38000000000000145,0.1,86.0
fairness,0.25,0.6449999999999997,0.38000000000000145,0.1,85.0
efficiency,0.25,0.6449999999999997,0.38000000000000145,0.1,84.0
fairness,0.25,0.6499999999999997,0.38000000000000145,0.1,83.0
efficiency,0.25,0.6499999999999997,0.38000000000000145,0.1,82.0
fairness,0.25,0.6549999999999997,0.38000000000000145,0.1,81.0
efficiency,0.25,0.6549999999999997,0.38000000000000145,0.1,80.0
exploration,0.25,0.6549999999999997,0.36500000000000143,0.1,99.0
fairness,0.25,0.6499999999999997,0.36500000000000143,0.1,98.0
fairness,0.25,0.6449999999999997,0.36500000000000143,0.1,97.0
fairness,0.25,0.6399999999999997,0.36500000000000143,0.1,96.0
fairness,0.25,0.6349999999999997,0.36500000000000143,0.1,95.0
fairness,0.25,0.6199999999999997,0.36500000000000143,0.1,94.0
exploration,0.25,0.6199999999999997,0.36000000000000143,0.1,93.0
exploration,0.25,0.6199999999999997,0.3550000000000014,0.1,92.0
fairness,0.25,0.6149999999999997,0.3550000000000014,0.1,91.0
fairness,0.25,0.6099999999999997,0.3550000000000014,0.1,90.0
fairness,0.25,0.6049999999999996,0.3550000000000014,0.1,89.0
exploration,0.25,0.6049999999999996,0.3400000000000014,0.1,88.0
fairness,0.25,0.5999999999999996,0.3400000000000014,0.1,87.0
fairness,0.25,0.5949999999999996,0.3400000000000014,0.1,86.0
exploration,0.25,0.5949999999999996,0.3350000000000014,0.1,85.0
exploration,0.25,0.5949999999999996,0.3300000000000014,0.1,84.0
efficiency,0.255,0.5949999999999996,0.3300000000000014,0.1,83.0
efficiency,0.25,0.5949999999999996,0.3300000000000014,0.1,82.0
efficiency,0.25,0.5949999999999996,0.3300000000000014,0.1,81.0
efficiency,0.25,0.5949999999999996,0.3300000000000014,0.1,80.0
efficiency,0.25,0.5949999999999996,0.3300000000000014,0.1,99.0
efficiency,0.25,0.5949999999999996,0.3300000000000014,0.1,98.0
efficiency,0.25,0.5949999999999996,0.3300000000000014,0.1,97.0
exploration,0.25,0.5949999999999996,0.3250000000000014,0.1,96.0
efficiency,0.25,0.5949999999999996,0.3250000000000014,0.1,95.0
efficiency,0.25,0.5949999999999996,0.3250000000000014,0.1,94.0
exploration,0.25,0.5949999999999996,0.3300000000000014,0.1,93.0
efficiency,0.25,0.5949999999999996,0.3300000000000014,0.1,92.0
fairness,0.25,0.6099999999999997,0.3300000000000014,0.1,91.0
exploration,0.25,0.6099999999999997,0.3150000000000014,0.1,90.0
efficiency,0.25,0.6099999999999997,0.3150000000000014,0.1,89.0
exploration,0.25,0.6099999999999997,0.3100000000000014,0.1,88.0
efficiency,0.25,0.6099999999999997,0.3100000000000014,0.1,87.0
fairness,0.25,0.6049999999999996,0.3100000000000014,0.1,86.0
exploration,0.25,0.6049999999999996,0.29500000000000137,0.1,85.0
fairness,0.25,0.6199999999999997,0.29500000000000137,0.1,84.0
fairness,0.25,0.6149999999999997,0.29500000000000137,0.1,83.0
exploration,0.25,0.6149999999999997,0.29000000000000137,0.1,82.0
efficiency,0.25,0.6149999999999997,0.29000000000000137,0.1,81.0
fairness,0.25,0.6199999999999997,0.29000000000000137,0.1,80.0
fairness,0.25,0.6049999999999996,0.29000000000000137,0.1,99.0
fairness,0.25,0.5999999999999996,0.29000000000000137,0.1,98.0
efficiency,0.25,0.5999999999999996,0.29000000000000137,0.1,97.0
efficiency,0.255,0.5999999999999996,0.29000000000000137,0.1,96.0
fairness,0.255,0.5949999999999996,0.29000000000000137,0.1,95.0
efficiency,0.25,0.5949999999999996,0.29000000000000137,0.1,94.0
fairness,0.25,0.5999999999999996,0.29000000000000137,0.1,93.0
efficiency,0.25,0.5999999999999996,0.29000000000000137,0.1,92.0
fairness,0.25,0.6149999999999997,0.29000000000000137,0.1,91.0
fairness,0.25,0.5999999999999996,0.29000000000000137,0.1,90.0
efficiency,0.25,0.5999999999999996,0.29000000000000137,0.1,89.0
fairness,0.25,0.5949999999999996,0.29000000000000137,0.1,88.0
efficiency,0.25,0.5949999999999996,0.29000000000000137,0.1,87.0
efficiency,0.25,0.5949999999999996,0.29000000000000137,0.1,86.0
exploration,0.25,0.5949999999999996,0.29500000000000137,0.1,85.0
fairness,0.25,0.5999999999999996,0.29500000000000137,0.1,84.0
efficiency,0.25,0.5999999999999996,0.29500000000000137,0.1,83.0
efficiency,0.25,0.5999999999999996,0.29500000000000137,0.1,82.0
efficiency,0.25,0.5999999999999996,0.29500000000000137,0.1,81.0
efficiency,0.25,0.5999999999999996,0.29500000000000137,0.1,80.0
fairness,0.25,0.5849999999999996,0.29500000000000137,0.1,99.0
fairness,0.25,0.5799999999999996,0.29500000000000137,0.1,98.0
exploration,0.25,0.5799999999999996,0.29000000000000137,0.1,97.0
exploration,0.25,0.5799999999999996,0.27500000000000135,0.1,96.0
exploration,0.25,0.5799999999999996,0.27000000000000135,0.1,95.0
efficiency,0.25,0.5799999999999996,0.27000000000000135,0.1,94.0
exploration,0.25,0.5799999999999996,0.25500000000000134,0.1,93.0
efficiency,0.255,0.5799999999999996,0.25500000000000134,0.1,92.0
fairness,0.255,0.5849999999999996,0.25500000000000134,0.1,91.0
exploration,0.255,0.5849999999999996,0.25000000000000133,0.1,90.0
fairness,0.255,0.5699999999999996,0.25000000000000133,0.1,89.0
exploration,0.255,0.5699999999999996,0.25500000000000134,0.1,88.0
exploration,0.255,0.5699999999999996,0.25000000000000133,0.1,87.0
efficiency,0.25,0.5699999999999996,0.25000000000000133,0.1,86.0
efficiency,0.25,0.5699999999999996,0.25000000000000133,0.1,85.0
efficiency,0.25,0.5699999999999996,0.25000000000000133,0.1,84.0
exploration,0.25,0.5699999999999996,0.26500000000000135,0.1,83.0
fairness,0.25,0.5649999999999996,0.26500000000000135,0.1,82.0
exploration,0.25,0.5649999999999996,0.25000000000000133,0.1,81.0
exploration,0.25,0.5649999999999996,0.25,0.1,80.0
fairness,0.25,0.5499999999999996,0.25,0.1,99.0
fairness,0.25,0.5449999999999996,0.25,0.1,98.0
exploration,0.25,0.5449999999999996,0.25,0.1,97.0
fairness,0.25,0.5399999999999996,0.25,0.1,96.0
fairness,0.25,0.5349999999999996,0.25,0.1,95.0
exploration,0.25,0.5349999999999996,0.25,0.1,94.0
fairness,0.25,0.5199999999999996,0.25,0.1,93.0
fairness,0.25,0.5149999999999996,0.25,0.1,92.0
fairness,0.25,0.5099999999999996,0.25,0.1,91.0
fairness,0.25,0.5049999999999996,0.25,0.1,90.0
efficiency,0.25,0.5049999999999996,0.25,0.1,89.0
efficiency,0.25,0.5049999999999996,0.25,0.1,88.0
fairness,0.25,0.5199999999999996,0.25,0.1,87.0
fairness,0.25,0.5049999999999996,0.25,0.1,86.0
fairness,0.25,0.48999999999999955,0.25,0.1,85.0
exploration,0.25,0.48999999999999955,0.25,0.1,84.0
efficiency,0.255,0.48999999999999955,0.25,0.1,83.0
exploration,0.255,0.48999999999999955,0.25,0.1,82.0
fairness,0.255,0.5049999999999996,0.25,0.1,81.0
exploration,0.255,0.5049999999999996,0.25,0.1,80.0
exploration,0.255,0.5049999999999996,0.25,0.1,99.0
exploration,0.255,0.5049999999999996,0.25,0.1,98.0
efficiency,0.25,0.5049999999999996,0.25,0.1,97.0
exploration,0.25,0.5049999999999996,0.25,0.1,96.0
efficiency,0.255,0.5049999999999996,0.25,0.1,95.0
exploration,0.255,0.5049999999999996,0.25,0.1,94.0
exploration,0.255,0.5049999999999996,0.25,0.1,93.0
efficiency,0.25,0.5049999999999996,0.25,0.1,92.0
fairness,0.25,0.5099999999999996,0.25,0.1,91.0
fairness,0.25,0.49499999999999955,0.25,0.1,90.0
fairness,0.25,0.49999999999999956,0.25,0.1,89.0
fairness,0.25,0.48499999999999954,0.25,0.1,88.0
fairness,0.25,0.47999999999999954,0.25,0.1,87.0
fairness,0.25,0.47499999999999953,0.25,0.1,86.0
fairness,0.25,0.46999999999999953,0.25,0.1,85.0
fairness,0.25,0.4649999999999995,0.25,0.1,84.0
exploration,0.25,0.4649999999999995,0.25,0.1,83.0
fairness,0.25,0.4599999999999995,0.25,0.1,82.0
exploration,0.25,0.4599999999999995,0.25,0.1,81.0
exploration,0.25,0.4599999999999995,0.255,0.1,80.0
fairness,0.25,0.4449999999999995,0.255,0.1,99.0
efficiency,0.25,0.4449999999999995,0.255,0.1,98.0
exploration,0.25,0.4449999999999995,0.25,0.1,97.0
efficiency,0.25,0.4449999999999995,0.25,0.1,96.0
fairness,0.25,0.4499999999999995,0.25,0.1,95.0
efficiency,0.25,0.4499999999999995,0.25,0.1,94.0
fairness,0.25,0.4649999999999995,0.25,0.1,93.0
exploration,0.25,0.4649999999999995,0.25,0.1,92.0
fairness,0.25,0.4599999999999995,0.25,0.1,91.0
fairness,0.25,0.4549999999999995,0.25,0.1,90.0
efficiency,0.25,0.4549999999999995,0.25,0.1,89.0
exploration,0.25,0.4549999999999995,0.255,0.1,88.0
efficiency,0.25,0.4549999999999995,0.255,0.1,87.0
exploration,0.25,0.4549999999999995,0.27,0.1,86.0
exploration,0.25,0.4549999999999995,0.255,0.1,85.0
fairness,0.25,0.4599999999999995,0.255,0.1,84.0
exploration,0.25,0.4599999999999995,0.25,0.1,83.0
fairness,0.25,0.4649999999999995,0.25,0.1,82.0
fairness,0.25,0.4499999999999995,0.25,0.1,81.0
exploration,0.25,0.4499999999999995,0.25,0.1,80.0
